id;loanee_name;dob;address;contact;disbursement_date;loan_amount;loan_tenure;interest_rate;zkp_code;date_created;created_by_id;date_updated;updated_by_id
1;Berkshire;63633;Ergonomic;Strategist target;2023-09-19T18:45:10;90609;63113;43439;dot-com payment Libyan Dinar;2023-09-19T19:25:19;19524;2023-09-20T10:38:14;72245
2;local Shoes;64547;Chips;Villages uniform PCI;2023-09-19T22:13:00;1545;95307;92831;architectures;2023-09-19T16:57:44;57229;2023-09-19T17:02:06;98033
3;Incredible functionalities fuchsia;26847;Bedfordshire;Maryland Configuration;2023-09-19T23:27:25;93001;57006;7041;orchid;2023-09-20T00:03:16;99005;2023-09-20T07:33:15;14008
4;Bedfordshire;87737;program;Metal array France;2023-09-20T09:02:44;80936;41978;81011;HDD;2023-09-19T18:14:39;8159;2023-09-20T03:53:22;518
5;Auto Loan Account olive;7094;extend Unbranded Fresh Pants Tools;Practical North Dakota;2023-09-20T15:17:56;32815;46559;15504;Specialist generating;2023-09-19T19:30:44;3050;2023-09-20T10:09:20;3734
6;compressing;36019;Plastic South Georgia and the South Sandwich Islands;composite Orchestrator Club;2023-09-19T19:57:12;5168;19438;53135;Peru deposit;2023-09-19T22:44:08;13274;2023-09-19T16:44:29;96953
7;card Licensed Cotton Ball;43352;bypass Ameliorated;Brand;2023-09-19T20:05:54;42831;69597;68849;Rustic Frozen Keyboard ROI;2023-09-20T10:24:24;54922;2023-09-20T13:54:31;71459
8;invoice;27993;Operations alarm;e-markets system;2023-09-20T15:00:59;24773;56603;35597;hack;2023-09-20T15:48:58;34187;2023-09-20T13:22:33;9179
9;Small;31141;Developer Shoes Music;Buckinghamshire Hollow Shoes;2023-09-20T05:44:57;64977;39850;4805;Web HTTP;2023-09-20T09:54:01;37461;2023-09-20T15:47:39;62585
10;Borders EXE payment;16293;Tasty Metal Sausages Outdoors;invoice multi-byte;2023-09-19T23:54:35;38816;57336;64328;Station;2023-09-20T03:04:01;82063;2023-09-19T17:34:00;62593
